x,y,is_bounce
1.0467972391976683,0.4685015060169292,True
0.9859269772752721,0.3229794994337467,False
1.089176157150462,0.4345553866279178,True
1.0215086305222043,0.9656188929697546,True
0.9930193636123954,0.17250518509521373,False
0.9727327916896716,0.576803092716923,False
0.9892083673226333,0.13806010207977482,False
0.9530027893653812,0.8158959141998979,False
1.060163682956936,0.06916962867907683,True
1.0099733742947727,0.5393735162935072,True
1.0025099289519686,0.04827721898733184,True
1.0434289693674776,0.24250924804922003,True
1.0022437292118027,0.40752295987789167,True
0.9786775486819054,0.13014487314188283,False
0.9970450701194052,0.9362171570579717,False
1.0023864783235341,0.3571945246407129,True
0.9851419557389932,0.14740253025956407,False
1.037224850024136,0.977197739926552,True
1.0198360844525622,0.9176718520028184,True
1.0183627963466193,0.9909090560643354,True
0.9575761088529771,0.9168385722755914,False
1.038206463345254,0.8943179325584492,True
1.049698030929572,0.02114014498869654,True
0.9986592628094823,0.3241703142219857,False
0.9974517664991343,0.5395632843989143,False
0.9879370995611599,0.2483101299938112,False
1.0174156697573256,0.419231209586431,True
0.964707684546241,0.22506051560451246,False
0.9978644347527489,0.8423137926354005,False
0.9592510160264912,0.4182959592826757,False
1.0099543187483135,0.6894620889041853,True
0.9944097867857521,0.5071679363175257,False
0.9933100744406336,0.31458401299090233,False
0.9992472653389695,0.23281574450966858,False
0.9997859211820643,0.04628504710212311,False
0.9919913809788232,0.1878198027760405,False
0.9631498200703946,0.05196735065055458,False
1.0034914853746686,0.41968604148815436,True
0.9836475782619335,0.4227717175217953,False
0.9222643304193856,0.4731324200625562,False
0.9740181571308465,0.32096739036887656,False
0.9917958421503911,0.11613598876052167,False
1.025982700148612,0.4459462153010002,True
1.0109357008070399,0.7305112082656101,True
0.9776970270974837,0.31379495672361446,False
1.0177743079121586,0.040307720103497924,True
0.9962517433406524,0.6765162867653729,False
1.0120747539860337,0.4933204794392174,True
0.9876780685411772,0.9711712551874347,False
1.0180684558118496,0.010955764240498822,True
0.9684695363772364,0.10329852304194409,False
0.9923503054555103,0.023602382143632528,False
1.002859702412132,0.696276317007424,True
0.9857647127577002,0.8389433472391685,False
1.0305521351800582,0.7036400878719798,True
0.9808169259723583,0.17132131487276658,False
1.0136836349254272,0.48486190076891644,True
0.9599255479509782,0.020475581702882995,False
1.0036306053129074,0.06352573448099319,True
0.9917612948357751,0.9305466129761726,False
1.010825307985177,0.5911554984777061,True
1.046461892277494,0.7876077802115674,True
1.0063292177349807,0.3971372220652164,True
1.0000426044700423,0.8365003674248442,True
0.93792291128589,0.7938393892001284,False
1.0376650185614194,0.5260345510804667,True
1.0072272524661967,0.8708382366119589,True
0.9854695806774693,0.6758130314772879,False
0.9984877611096109,0.8181208712212853,False
0.9913116120958823,0.49720253346571597,False
0.9850761511873575,0.9078619620297251,False
1.0599347466349067,0.24065089089011027,True
1.0093521592699852,0.20612780704413813,True
1.0613820206863618,0.5886964256794807,True
1.0287081878053306,0.4926943687785026,True
0.9990252996577612,0.5768513784443899,False
1.012374158610653,0.28689779995311615,True
0.9918629694907349,0.354698018983053,False
1.0131471852006502,0.020116091193829733,True
0.9987069783156237,0.7038356600522608,False
1.0006208075290823,0.20307782327774415,True
1.057631802929872,0.8499437187477384,True
1.0207956113961643,0.8134760790321688,True
0.9904228140944277,0.8275418236573442,False
0.9986320156477708,0.919541884582073,False
1.0011442339668635,0.7333154169210313,True
1.0902461407807755,0.8835539021315356,True
0.9928292444588454,0.47708289325500697,False
1.009594110515155,0.4270497868061365,True
1.010879881753555,0.6041682148096712,True
0.973560969587056,0.33188609044226114,False
0.9917557056463309,0.08619482352737928,False
1.0005244765058037,0.8950503274924165,True
1.013779924710466,0.7874542127120224,True
0.9701737916461163,0.4805667845334526,False
0.96547326483647,0.045724392868006,False
1.0231029271904266,0.804693412177726,True
1.008888381167711,0.7464970376033693,True
0.9766502093601436,0.7797737806973183,False
0.9435481074075412,0.14565332544094933,False
1.0317785888958722,0.15079501349152058,True
1.0218527900431018,0.6304310964080074,True
0.9846561862227314,0.6725989297351144,False
0.9596508941611172,0.24324533609218757,False
1.0036428260270462,0.03584466531988317,True
1.011016553187351,0.2732502389162156,True
0.9611439969278055,0.7180879206709275,False
0.9893691177287922,0.49934206929892855,False
0.9483681464079665,0.7991573382060042,False
1.0497341482954798,0.6168921418895523,True
1.0191435993970699,0.6737351602146753,True
1.0396427742367895,0.9584012942502093,True
0.9427598455123016,0.014182762982747343,False
0.9344532298219232,0.8528217870849043,False
0.9850087612209638,0.4654123470631182,False
0.9526067760394236,0.671640961213187,False
0.9623343760378682,0.5679352644502295,False
0.97637899786052,0.4539233808256222,False
0.9748001792121326,0.27708715719951593,False
1.0125163642334971,0.9307838972934882,True
1.0111369040617226,0.33168401009238246,True
0.9576565475361261,0.571025780262224,False
1.068558066873418,0.34662292346826773,True
0.9726521186389185,0.8072344710353181,False
1.0021734295317393,0.39017645023089964,True
0.9715415339254574,0.023840474760699393,False
1.0321131788832074,0.06570368491934908,True
1.0106553768827573,0.5629141108258966,True
0.9782541845199306,0.96240687293808,False
1.0288398189539412,0.10879591117683818,True
1.0191420088095822,0.46035722885648644,True
0.9972604363371679,0.47521182611715806,False
0.968921528443008,0.5912629292596914,False
0.9772796271228974,0.3526834452523535,False
1.0134660081238838,0.5872058228794763,True
1.0317968034109624,0.9629262853649797,True
1.0175017447662984,0.3836464209637117,True
1.0282431173157476,0.8489236331381029,True
1.0145163252083433,0.4742168436432538,True
0.9522822964327946,0.7830909488093774,False
1.0313079328230326,0.5551446946114625,True
0.9116074328399242,0.4923400676602955,False
0.9853539340364278,0.3012687218609802,False
1.0289417576156905,0.27576467093810864,True
0.9940774484768669,0.7259595377162986,False
0.9497711787347197,0.6355862508048882,False
1.0119221932940166,0.04568108318563513,True
1.005099803298309,0.970396838667706,True
0.9797437211624414,0.7739533160728161,False
1.0055661710972472,0.6337971933947855,True
0.9732839203932908,0.2546470535736335,False
0.9955483612622895,0.9750648250213237,False
0.9649895170312873,0.38974098567946314,False
1.002057720838204,0.4161782091825609,True
1.0428512139904604,0.14311164338574223,True
1.0284042830070326,0.41928431668115207,True
1.0012561320890878,0.8005339117569437,True
0.9851480167460929,0.04972947229616331,False
1.0419480714805145,0.5351570866196383,True
1.0066766512106442,0.16226946852647284,True
0.9274701565441308,0.9224144109657697,False
0.9975400767558164,0.569972833586825,False
0.9955134820112095,0.42327625438285044,False
1.0096957237366617,0.9388085458788945,True
1.0321836291120705,0.017503494257181118,True
0.9771863853838052,0.05562961942873901,False
0.9990906565685469,0.06640543619191441,False
1.0253892763427475,0.15684076081277076,True
0.9877741950564931,0.28523647836950916,False
0.9861449429030826,0.5233241122715112,False
0.9830792854378348,0.9449566844116204,False
0.9552468782575139,0.4914535053916639,False
1.0154247227170077,0.48028746985968707,True
1.0085359470537365,0.5845969847976642,True
0.9992338466231233,0.11326228144744033,False
0.9966947048875584,0.029862814888466982,False
0.9865752553141893,0.8374206424926466,False
1.041633287594029,0.15625641489438824,True
1.0120558048893846,0.22093156296668448,True
1.0220284431908104,0.5255614636575069,True
1.047605359014177,0.3005761277208986,True
0.9949932624297431,0.8716282352671685,False
0.9982827953626375,0.7982798463442833,False
0.999308583869898,0.054554978801988674,False
1.04187277863989,0.4375501925824986,True
0.9933607442907961,0.31047839697269775,False
1.0153897203104778,0.089771309340262,True
0.9902869311106338,0.16956183722026674,False
1.0690750614584892,0.40794580980512485,True
0.9787980126470239,0.6096160451237284,False
0.9659490803547776,0.7336094379908145,False
1.0187904315410121,0.48658588841516903,True
0.9870101307582787,0.6298713188200169,False
1.0004347910459372,0.49304048409816226,True
0.9551464413056886,0.2523557653646028,False
1.0066010960521485,0.6554429748718515,True
1.0131532260881353,0.10872640416306634,True
1.053610511769628,0.2793826640504946,True
1.0091160402947428,0.8202627401665272,True
1.0678116760771583,0.342482944043744,True
0.9392849000265829,0.31187813284526444,False
0.9992082285270958,0.566217520809999,False
1.0736653305374009,0.9129741383947629,True
1.0568222911342657,0.9915326450842966,True
0.936517129830494,0.9152378461830316,False
0.987380100349413,0.05847379526842844,False
1.0007521138936515,0.87991447847212,True
1.0638200249378806,0.39446713200912364,True
0.9860261741756134,0.21983297694064408,False
1.012860096191084,0.16037261374655165,True
0.9081259429463321,0.23504609304160684,False
1.0624081251914663,0.09793684275712922,True
1.0174477562450908,0.7828768529181961,True
1.0477699564550957,0.08431553337509168,True
1.0550500508328284,0.8530220202524923,True
0.9848960192312098,0.7098086668363287,False
0.9576982172869428,0.7073546818072229,False
0.9826522621897162,0.21133264683106845,False
1.0119239848481052,0.03820736381529832,True
1.019136163939537,0.9720397808638345,True
0.9329165166877487,0.5499098800643056,False
1.0005359039788337,0.7462068640711342,True
1.0051328949877518,0.578404746333698,True
0.9996051486061107,0.8345216560672155,False
1.0136342187877372,0.08729878762081011,True
1.0003769723359055,0.1437812996609047,True
1.0014685781073427,0.9732913984487428,True
0.9999995475618118,0.04218351894130412,False
1.0069815799111084,0.8424570340201398,True
0.9847886087072983,0.5675589734848816,False
1.0114302408350329,0.702203622314908,True
0.9928203487429853,0.651415814631059,False
1.0142202830557185,0.25997483374796393,True
1.0461793362153506,0.5374090684053314,True
0.9880390741263443,0.7386555829972417,False
1.001185317172938,0.8926435651649302,True
1.0222429334127856,0.9603408644149244,True
1.0428430682950536,0.14667045085813601,True
0.9755223365152955,0.33580645162837075,False
0.9587270997510405,0.046446703122291266,False
0.9859466301297206,0.5100098671926685,False
1.0823926129376935,0.49804759642559404,True
0.9923947734971673,0.43924758957246357,False
0.9698468088998805,0.2683388018894355,False
1.0186494973825022,0.31261897196954247,True
1.0129718795926625,0.09625704738837837,True
1.0793357637726158,0.5656383944519022,True
0.982700226668696,0.4446988890044212,False
1.0148534551315027,0.731063090603738,True
1.042787435290724,0.6852920508895357,True
0.9577505488577327,0.17829615012537003,False
1.0108278434508768,0.4714810545454867,True
0.9992039996516097,0.8801746807995989,False
1.0396997685712546,0.4944810190505624,True
0.9699240245808959,0.7157867369584155,False
1.0000975019952874,0.3148706346387271,True
0.9712151745934843,0.1768192553043253,False
0.9572334442006335,0.06472869210632526,False
0.990625348342467,0.8125794014594043,False
0.9947024884398596,0.5581876351480579,False
1.0016616076447078,0.1541584260640252,True
0.9994599418517794,0.8526217772571585,False
1.0160903725265458,0.3799322080605818,True
1.0266059248786124,0.4252008879093828,True
0.9607449444976005,0.603098827428968,False
1.040520220562427,0.42977029525676613,True
0.9354867359167128,0.8311346657190879,False
1.0128321072120499,0.09260922529383231,True
0.9797083356355968,0.22723024867585695,False
0.9885001336775917,0.6781047760524455,False
0.9518688435126585,0.5785538517045198,False
0.9094322104348811,0.1456501163733247,False
1.0014176339568772,0.04238276759528303,True
1.0074328689640992,0.2331588612624007,True
1.0350387649189143,0.23529164371103706,True
0.9690577799465403,0.8894455530869391,False
1.0161108116763005,0.43706623730004013,True
1.0053020823168735,0.9575530474435457,True
1.0668034163057258,0.8872755744653932,True
1.00652109024737,0.9295365262396089,True
1.0176447650885632,0.4042885935803264,True
0.9866628389760056,0.8227199745018733,False
0.997849257590325,0.34575696388476773,False
1.0021635612438935,0.7783016283057459,True
0.9699502595413443,0.4771036304452896,False
1.002342583087284,0.6193172576589538,True
0.9517666272211379,0.9953497947008904,False
1.0268430681891487,0.22233421097108352,True
1.0541408689625869,0.5359513239673614,True
0.997145083749643,0.4381111794614123,False
0.976847088381519,0.7184236659972727,False
0.9930748696149021,0.4998570824605406,False
1.0298250894785599,0.927320759533315,True
0.9912726551167079,0.8896809985540591,False
1.0579124457271833,0.7031160742208841,True
1.029932412682795,0.361435884503834,True
0.997439679838244,0.5725843588795929,False
1.0039459978453151,0.08199879866703208,True
0.9996118874995505,0.6595924159265669,False
0.9737424934621393,0.7319806568574831,False
1.019265378581196,0.024628012358166584,True
0.9889504058026651,0.17864117515156674,False
0.9792361524136406,0.17411462032669744,False
1.0341136180875254,0.24308100635369556,True
1.0407959063895322,0.697579256768222,True
1.0128549400029567,0.9889206072135256,True
0.9601008007034297,0.34086555305174915,False
0.9328949421263073,0.2842643795794968,False
0.9092373652670074,0.9563811930175736,False
1.0161991985179841,0.5889047606581029,True
0.9750368877696959,0.753021256889873,False
0.9946241529821399,0.3518838332672548,False
0.9814606454310262,0.4291541011030977,False
0.9908638325814274,0.6604788750207264,False
0.9883527658754937,0.011040718699421026,False
0.9582648206494826,0.7621242304389119,False
1.003095305151526,0.4932091525566762,True
1.005157969755483,0.9594681952860659,True
1.0216291543378706,0.8791324181592729,True
0.9658657559598172,0.9306369306201165,False
0.9857424257797953,0.9034029833945045,False
1.0754763600280612,0.03587966390525499,True
0.9893097563141179,0.5272423512177112,False
1.050625938476491,0.5097532518305896,True
1.0478808535394815,0.5809906730626121,True
0.9812379010387375,0.8639958004768942,False
1.0155716536414126,0.02478606151104701,True
0.9419403603079185,0.9015957012141305,False
0.9257871340747919,0.41205380231030664,False
0.9896718167705595,0.31608737392476727,False
1.01349376038459,0.2721429067131166,True
0.9987292834247601,0.5242020930442642,False
1.0198852965441874,0.6570596300929921,True
0.9849802968292666,0.652084989045482,False
1.028847023783513,0.69590490950984,True
0.9922174105029026,0.7837398709104367,False
0.9999998694424556,0.824091602196215,False
0.9819676961612828,0.19890175789425335,False
1.041371222683085,0.2588663357950919,True
0.9982240828273433,0.8043828920871346,False
1.021741663596116,0.8178133443587559,True
1.0186845455163902,0.7344617935973061,True
1.0127983449889948,0.3241345389184791,True
0.9453908724347183,0.5792185298584082,False
0.9812339879684674,0.5767973502336609,False
1.0272460075406604,0.019865870130135965,True
0.9324896754977415,0.9361941751546056,False
1.0119765880375269,0.7587970905711802,True
0.9934031057091518,0.2561171555159706,False
1.0249048280277717,0.9596201461359434,True
1.0251841975669538,0.24465954547101554,True
0.9430539234741192,0.9288168095864608,False
0.9964197170004565,0.47449765768064334,False
1.038293292114958,0.01986724028384268,True
1.000731813855107,0.6431091694864577,True
0.9755878146924172,0.19995897867648493,False
1.0135703195302201,0.9298418892376237,True
1.024960619271098,0.1491084441661107,True
0.9958927276737546,0.2303183226201967,False
1.001144350664567,0.03376985837287594,True
1.0143082583585554,0.7336582568537985,True
0.9994565249039845,0.27681882811101666,False
0.9789181033650113,0.5290039254481665,False
0.9966955220529263,0.38850677372884346,False
0.981788472571571,0.5100564796596514,False
1.0024868348929146,0.7241578988956674,True
0.9962685572120304,0.14355075543405027,False
1.011262638701047,0.7952773276552797,True
1.0117112799720445,0.2997250633531363,True
1.0024472942232674,0.8326866843881817,True
1.0169044953444588,0.7496026630191801,True
0.9503745136931485,0.2993015146409156,False
0.9828596302677746,0.7324530957546321,False
1.030528580615621,0.889943118860752,True
1.0093145076007366,0.288531215064056,True
0.9657429646733731,0.5868676719777461,False
1.03682050804259,0.35979658225019084,True
0.9912826235083887,0.9326762514621669,False
0.985856507499397,0.7336193355701054,False
1.0224295659098208,0.5756737038668849,True
1.0451418747232597,0.21662631657347575,True
0.9988623645206474,0.11403470021257855,False
1.017995900148736,0.41485009847274756,True
0.9888202773408162,0.7575190388932944,False
1.0001028705313424,0.43852893039549223,True
1.0082610141347952,0.22896732698711797,True
1.0459289998134027,0.14890955411505258,True
0.9464462226793663,0.8087760335480418,False
0.9764349469366985,0.41050652060987836,False
1.0719703272214007,0.47862748146467693,True
1.004546590430072,0.4623880430870442,True
0.9857316144688408,0.39425753309917067,False
0.9927856173369349,0.20429475916966255,False
1.0234650845185178,0.891482257450568,True
0.9621300214229849,0.18860496684159467,False
0.9460407267701041,0.6372166977309267,False
0.9952847877086977,0.49713809482428384,False
0.9677982227399143,0.007373135079670967,False
0.9914391575689342,0.9090076637568487,False
1.0404205680573684,0.055148752211129914,True
1.0785421179199757,0.20994272143204717,True
0.9353998358059714,0.8107256309771756,False
1.0107201958724363,0.673187721135686,True
1.0442913729815133,0.08322459339011334,True
1.0259719984011915,0.3639558934407219,True
1.0041662298224445,0.5626126473154412,True
1.0005020468716732,0.6402818061553943,True
1.0237481398852282,0.25220734264430256,True
0.9411558942951775,0.43047108860810623,False
1.036982996421295,0.05156159686716644,True
0.999952612437337,0.4130108267244653,False
0.9804299307310006,0.8461243599366198,False
1.0026782276800597,0.4061353542423707,True
0.9420738889299924,0.44543589482736945,False
0.9983972849407121,0.1258340058356069,False
0.981277559567757,0.8112015376750377,False
0.9945597420298296,0.1980542980748481,False
0.9933940605805416,0.7387298186107921,False
0.9663758230693232,0.8788784261426519,False
0.9345141920635003,0.05451171912009589,False
1.0198220860338303,0.8891085078549164,True
1.020139897033242,0.11150206603447621,True
1.071665567148473,0.48685638518950125,True
1.0027630236381073,0.006282207644831006,True
0.9801110011615763,0.8048378702747749,False
1.0032541731583495,0.12332533053947425,True
1.049577632288305,0.7544845229553153,True
1.004018566739452,0.4897216682962169,True
1.0307659733613481,0.7418363868083967,True
1.040469385522157,0.17201765743019537,True
1.0019489933820735,0.9407274417743677,True
1.0017245608276928,0.39706109960391334,True
1.0129545193766962,0.33539809775929674,True
1.000537666813351,0.11614101238712682,True
0.9940294986333112,0.887291342138142,False
1.0726277373009423,0.6923199962630248,True
1.0600328561434431,0.6293177431124806,True
0.9634983224299346,0.8007161562554447,False
1.0827247447851773,0.30890452325747464,True
0.9979478273992886,0.6654827741646309,False
0.9483573712300652,0.376377905741095,False
1.0396582177939584,0.14486873988492355,True
1.0537150040126153,0.26831217680857766,True
1.0344362198677732,0.07935784312356575,True
0.9581156357358092,0.14340175677781442,False
0.9851330730889564,0.7907220632871539,False
1.0067139968251748,0.33126983118046405,True
1.0643551841188337,0.07583399141625502,True
0.9718261236923267,0.034664790432715864,False
1.0686017767926765,0.45733667221436025,True
0.993687059803732,0.5307438780484426,False
0.9961164389981723,0.9173765423195672,False
0.9898903711209107,0.2779988171566824,False
0.9603202668068787,0.12652459747503852,False
1.0046757394481585,0.6329765255950367,True
0.9818371163115853,0.14897774275602227,False
1.000783861325242,0.38385498889706793,True
0.988062559056858,0.30805171341422477,False
0.9822991411597569,0.8175882736805021,False
0.9973744005373477,0.9402652791379095,False
1.0014430030696104,0.14979947256913817,True
1.009183215002062,0.9306512595400214,True
1.0383287502061962,0.5019791762314525,True
0.9942924749275271,0.34853701667081916,False
0.9958339292723257,0.7363603257648685,False
1.053792285314434,0.285313606465598,True
1.02113743287639,0.759749689154721,True
1.0008399672416888,0.885654313322493,True
1.013609164497243,0.48684507228309093,True
0.9973445023921342,0.12098410805372184,False
1.0047009851822324,0.009830352138669562,True
0.9886207580705023,0.2621786861814632,False
1.017458932906073,0.33804238983285617,True
1.0238534018864949,0.07969927409903688,True
0.9356100743729824,0.5896815020538982,False
1.0185980974551003,0.8545364901491048,True
0.9412114902911621,0.2775784518992539,False
1.0306530874177817,0.24052562467256067,True
1.0161235115747813,0.25498091436048376,True
1.0301544318045928,0.16478539331296238,True
0.9524935494863029,0.9495853871845058,False
0.9696413845708368,0.7142294408555347,False
0.9589503896694052,0.6906227294218489,False
1.0597516199076116,0.8580424621723878,True
1.0211114925822018,0.3157292596696293,True
0.9909814048922709,0.5056385306430529,False
0.9956807885816997,0.9514347206403021,False
1.0178292428941424,0.4406588520563457,True
0.9975377400758247,0.11361664968146545,False
0.9596165092772662,0.8412888165548253,False
1.0008368276529227,0.18876543818821878,True
1.0678347701145352,0.9876433838185947,True
0.9447536230340225,0.5614044101642022,False
0.9864398109784727,0.7864940589681927,False
1.0766955475784972,0.55391955899741,True
0.9456345902426704,0.937490959495181,False
0.9842992773281432,0.6389319885064892,False
0.9188808898162351,0.06764759638053774,False
0.9879729413048112,0.12662053081721192,False
1.0643163246994019,0.6959127502796344,True
0.973370762109926,0.04515421370136241,False
1.0146720940898373,0.7196345609318389,True
1.0381116308500826,0.2265434173004074,True
0.9876529064881072,0.07739369636900995,False
0.9959482062443754,0.023815931895211917,False
0.9840818306806406,0.3894673402622746,False
1.0036840578192396,0.9108912098466493,True
1.012524933687027,0.3726322532782953,True
0.9753965349214706,0.42633196472023926,False
1.0444601260217603,0.42346672038898614,True
0.9951042602671228,0.14999226282062061,False
0.9692093355719164,0.5273405160734369,False
1.0104101681815707,0.9274392650384219,True
1.0304258397145118,0.3597321189833408,True
1.066847615859693,0.5093452908866004,True
0.988004940985896,0.008626610298923199,False
0.9441848537019595,0.9675795124651831,False
1.0309598280423677,0.019945621801829683,True
0.9867960137060665,0.6751546163653128,False
1.0321581978222065,0.9728585882094353,True
0.9956215183087236,0.5416799966525736,False
1.007131489030028,0.9421958546738384,True
0.9489165120970542,0.056880990524496244,False
0.9721450278436307,0.4408520936819643,False
0.9058991674252767,0.20363164253658028,False
0.99755162038015,0.9233831136999258,False
0.9689711161770321,0.04493609179704661,False
1.077971160841023,0.280235620932591,True
1.0065557520012673,0.9179837400815516,True
1.0267002521431152,0.7544283243036638,True
1.007060784764911,0.8087284181116563,True
1.0554933972727465,0.48276461525104986,True
0.908135385159238,0.7174977427075852,False
1.0097819984049865,0.7201690213535142,True
0.9865373232003896,0.39311447671202515,False
1.0016281351980523,0.7677268875926453,True
0.9426694420726418,5.957770024578313e-05,False
1.002270485455334,0.7763427065734848,True
1.022533479892054,0.3765046101767817,True
0.9975691261162789,0.7518317557173516,False
1.001663983819206,0.5502641474894474,True
0.9928045596025985,0.5117700726239409,False
1.0002649245772963,0.7649869057079884,True
1.0325886792593701,0.5425538829158318,True
1.0119097126776453,0.7661767266527284,True
1.0229258572096647,0.06420297491310567,True
0.9996723193637161,0.14133090497842404,False
1.056146885844975,0.14631181885412659,True
0.9618922257068451,0.5033393812004653,False
0.9827079382032757,0.15230955579488648,False
0.9144231918372373,0.6682701359238017,False
1.0026831219381056,0.5529798531975357,True
0.998349060665639,0.48930701923637254,False
0.9186453269839817,0.8569102281318871,False
1.0038589426681077,0.9188129788507273,True
1.0443546793414715,0.05390948709778309,True
1.002143058300114,0.0026093391026444923,True
0.9927588290013271,0.7281935080398552,False
1.002397576587312,0.18874621777789347,True
0.9843118163009791,0.4240189817890482,False
1.083237173030474,0.42977632094433726,True
1.006125494715802,0.14586235718887586,True
0.9846135833333332,0.8156246137306299,False
1.0263173326528587,0.4625321455508945,True
0.9428118963230018,0.2290784849676446,False
0.9632864297351312,0.3606678217081929,False
1.0406486790807754,0.9877749150771169,True
1.0378327078248277,0.3572686813832846,True
0.9913413462551617,0.045278009254974494,False
1.062810840689437,0.8224143543332346,True
0.9368293013620175,0.12838375298497562,False
1.0179501218317286,0.7945533205538424,True
1.001558446249803,0.6210723090408629,True
1.0322182040949612,0.3846575249962082,True
0.9856259539231621,0.05814586892282281,False
0.9897120014075729,0.1833554072265221,False
0.9854818452639655,0.2301298018690866,False
1.0563686525999696,0.13931728935520804,True
1.0016276117996028,0.1145685663029673,True
0.9685259948158813,0.4118280296971475,False
0.9568043868979288,0.6388099469983596,False
1.0679448873908848,0.37277463654908305,True
0.9847428470710118,0.6992716868183312,False
1.0367429041024916,0.05718032865202394,True
1.0010744476903122,0.37899419325753114,True
0.9997058062357811,0.2352251217687864,False
0.9988844213928509,0.7327459621624645,False
1.0081422369022601,0.6153621214963032,True
1.0311525045845897,0.9229727206632775,True
0.9842356727416517,0.12753697129748642,False
1.0223899081266377,0.51949421122523,True
1.011918590991758,0.09998038428395628,True
0.9437175598296671,0.863008555905474,False
1.002051344132815,0.9376455616103346,True
0.9909211763103392,0.7024846811553311,False
1.0380515860764368,0.8668340044404718,True
1.0121852678918428,0.8039246731237015,True
1.011240835144415,0.7274766550162136,True
1.0258796282948974,0.8612272462672802,True
0.9351560063858274,0.6249602818500909,False
1.0048253092697883,0.3874069720982428,True
0.988688861006026,0.02656946623592038,False
1.0112333673995606,0.14139294213723075,True
0.9930123769657505,0.4687496365527407,False
1.0626422837283778,0.038687137162679686,True
0.937971402548729,0.0896112500506634,False
0.9919960067414028,0.5588095719637337,False
1.0204155948896954,0.07991008028861246,True
0.9788298622616536,0.9865670188282263,False
1.019191504388602,0.8664273651623873,True
1.005622895789515,0.08550976313747782,True
0.9781632538662411,0.8368277474943446,False
0.9861065625124326,0.7071820678257895,False
1.0774145230075725,0.1315928700576009,True
0.9949942564226395,0.5403645442199058,False
1.0948236131912792,0.6269352090564,True
1.0327754852450155,0.002583470472872773,True
1.0011175393625558,0.4702189479696042,True
1.0033935696067227,0.7890313756079135,True
0.987655051779253,0.10666538676186166,False
0.9914165856488921,0.16672489201243146,False
1.0254419293007535,0.08151391989501056,True
0.9503255976090366,0.035697174248379926,False
0.9887474281293197,0.8484299148403504,False
0.953758084268836,0.6747493970396016,False
0.9598169469710862,0.3646850660155182,False
0.9978683424642335,0.9431600917202473,False
0.9987625654667818,0.6574451824069967,False
0.9903832924499472,0.47173165453587806,False
1.0353094571686863,0.8397817076948018,True
0.9690313322586108,0.4838113014452097,False
1.0374444009203763,0.3213217483416474,True
0.9226422973708901,0.8863105347698167,False
1.0023001137056644,0.11126319616239588,True
1.0025404054578269,0.14114794826750932,True
1.019574780336379,0.05744490655600587,True
1.0094748691769377,0.2508195598952977,True
0.9762180604603109,0.7835501807714567,False
1.0130689524730245,0.20576643258982874,True
1.0053204774274942,0.21036358378540232,True
0.9705572289637125,0.9598873901999145,False
0.9961414762381458,0.9849390736069407,False
0.9960420848069422,0.8748541319994076,False
1.0385981144663268,0.3595986197385532,True
1.008493339482371,0.5822810964715822,True
1.0059914491542532,0.9131738243988776,True
1.0298537271501416,0.14313690677480206,True
0.9916476547781375,0.34873174931876516,False
1.0045144685764997,0.42325417937634,True
1.024633745297178,0.6691423456300023,True
1.0373775826587142,0.4215613633169979,True
1.0284928273945397,0.3539364927260851,True
0.9793488731109279,0.9445299613586047,False
0.9382737367240114,0.9743319517609355,False
1.009249238635431,0.8492076582680448,True
0.9783018123128113,0.9539527611667803,False
1.0494882887925672,0.19992024787962015,True
0.9911233942230024,0.16288638616174844,False
0.983827239962359,0.0385235335133054,False
1.01429107128318,0.8062322050789413,True
1.0778053756579782,0.7790663287343692,True
1.0239890197142625,0.6318733706320595,True
1.006275207044599,0.13052013451544453,True
0.999558812004512,0.9530593807669757,False
0.9831608444412894,0.19155131320991847,False
1.0502235110182203,0.12188127501807666,True
1.0875711134785728,0.24243935882691847,True
1.0487237333879946,0.5769348413892905,True
0.9701712455868508,0.41361079288680147,False
1.0020952912640635,0.04014052456319617,True
1.0158521952906263,0.9211362774553302,True
1.021547325127526,0.3051308464099143,True
1.0571345904597274,0.19762115551852755,True
1.0762634025353568,0.1583190722953821,True
1.008111364079074,0.06014607156336815,True
0.9718305984388559,0.6773630453722307,False
0.9974642456962775,0.4896634027247071,False
1.0346093354579862,0.12982917042043318,True
0.9179852068842084,0.3675245990105702,False
0.9839225459904759,0.324619147919216,False
0.9723034395587387,0.8345475010462621,False
1.0389320455087916,0.4984055694461035,True
1.0145202719669892,0.9182902470795511,True
1.001624223336123,0.26050493701338584,True
0.978747436938911,0.8859401272356376,False
0.9676352245205421,0.9763679911153602,False
1.0086198480055135,0.8568146262156231,True
0.9993088467733269,0.42074111770293443,False
1.033214643573398,0.981769342804697,True
1.0218643237391711,0.984886851003957,True
1.008864484583572,0.13327485256367755,True
0.9979937381921489,0.6598025177931764,False
0.9951978445553131,0.8334213689618992,False
1.0077945848161984,0.12389149108227393,True
1.027915203000633,0.8164389929303204,True
1.0072446125273873,0.4113522473016654,True
1.0086318703105486,0.7435297391203589,True
0.9827904888927437,0.5021356623871075,False
0.9966741864456231,0.2427339912751061,False
0.9627933651253731,0.34247670567134403,False
1.0008851751276173,0.3149390395014464,True
0.99585722853795,0.2595674227035708,False
1.0035052740809385,0.9165002200224557,True
1.0746720362010118,0.6339322921946043,True
1.0333072621366537,0.4067120982937502,True
0.9590764758571029,0.2538656034557263,False
0.9883744864194763,0.29899240354288137,False
1.017781936635496,0.42696386728850777,True
1.0627808904676277,0.42697980424060555,True
0.9613539475535274,0.8133259385122911,False
0.9897792627380181,0.02456666628220161,False
0.9696443755595783,0.6046433764183653,False
0.9540057356818267,0.4355632513301475,False
1.0213846504558037,0.9614195291586172,True
1.0212527351803757,0.6282622349152311,True
1.0334377136736728,0.4188330454210355,True
0.9795726953427181,0.231528242987334,False
1.070539390092708,0.05385044014383078,True
0.9379704062298493,0.8899717913331615,False
1.006727520696667,0.9512671638485208,True
0.9940531156080801,0.046066205965795026,False
1.0257262391818305,0.7447355088721325,True
1.0236297062122877,0.727108393147573,True
1.0136020794700964,0.8229719024376385,True
0.9890385275813423,0.01835696916340923,False
1.0445895036177522,0.31659875940878834,True
1.01645920066059,0.775317265252512,True
0.9999321009216463,0.4184582818689043,False
0.9976558398269759,0.25821708873961724,False
0.9808430747899223,0.03932920218670688,False
0.923667044888791,0.3108753377171205,False
0.9929987203701596,0.8312382136122058,False
0.9953467400928729,0.36271180975748407,False
0.9872052198029104,0.15276073847825622,False
0.9956104890947646,0.7968852205273071,False
1.001661263375515,0.7611095886690733,True
1.0134897619239265,0.2971564759003602,True
0.9829550747136642,0.8474262094488266,False
1.0158716424499004,0.6834788924222573,True
0.9759315846470654,0.6636168104834435,False
1.0141808372475691,0.985273837888273,True
1.0290724418070758,0.7040394881107773,True
0.9969752039366889,0.9153047409647281,False
1.0152905712586673,0.924432507482755,True
1.0264290965031755,0.2649609321962343,True
1.034219958338143,0.43316753374158345,True
0.9950464448451529,0.0689626170083335,False
0.9894599027074882,0.14251084563242655,False
0.9900536892273811,0.15735595705651073,False
1.0215808647184323,0.7111862849550726,True
0.9922632676089117,0.8665010447356956,False
1.0006376175363414,0.1698113476509543,True
0.9559016284386495,0.3321950599370391,False
0.9603940249821833,0.9141912312739904,False
0.9394477040754985,0.6149698786204852,False
0.9789972969000342,0.8076204234193661,False
0.9865890811963267,0.5387207063815264,False
1.0334860900442824,0.26429547300231027,True
1.000029305089543,0.7521075341476238,True
0.9895212987110823,0.07475395148483577,False
0.9442891553184052,0.9559779944528132,False
0.9417637996988377,0.8234189585053294,False
1.0064694529627771,0.916076322441495,True
1.0010711213886934,0.014325785634014543,True
0.9997125852175002,0.4216957970313464,False
1.0003433803399857,0.1168197917087005,True
0.9974908700999617,0.9905710811092644,False
1.0193801517491783,0.4106367097034943,True
1.0044429558083523,0.2539206014069243,True
0.974934016135362,0.05998222995341196,False
1.0017847995423625,0.960309545033897,True
0.9987408677733715,0.5150482026742759,False
0.9435194703034291,0.05163596373869295,False
1.0071385064329579,0.7337920340786354,True
1.0198896185008828,0.36000920644161416,True
0.9829596887597709,0.2783947918126697,False
0.967879003898624,0.9682096977859408,False
0.9608029280845524,0.5345340901381203,False
0.9846178404577801,0.21298303146515218,False
1.0316516603844568,0.7614122361494178,True
1.0043724469350244,0.7471992842379831,True
1.0184057618509539,0.08505805695764712,True
0.9375460611897012,0.8498860554995501,False
1.0100794822804868,0.03169714403195589,True
1.013938385776664,0.5037549296647145,True
0.9456286237632261,0.27527696940339474,False
1.0005976749295322,0.9673151150802662,True
0.9977347949911572,0.09554365921818175,False
1.01126743029569,0.10152495955012697,True
1.0001548738297708,0.4365645045299379,True
1.0478629619189705,0.08731342274668563,True
1.0183515499447215,0.911346590869059,True
1.0273247039438387,0.07739250351062255,True
1.0537130186654196,0.028578551390460394,True
0.9212915361175976,0.6580141663693433,False
0.9734568249339193,0.39892813370435964,False
0.9872705255430902,0.2938034980963592,False
1.0169168795928052,0.5543875056286132,True
0.9870350317308698,0.6182470174534417,False
1.0226405707580157,0.6855769176494967,True
0.9336636175028923,0.7605399899611774,False
1.0109665671799424,0.9260180142035569,True
0.9518649759896849,0.039188351126240306,False
1.0077381949356867,0.08223319036465138,True
1.0300747355512747,0.8096468516499136,True
1.0010983915806901,0.4064270501341747,True
1.0720604764905963,0.6636866666034403,True
0.9568779044957392,0.8326446240979686,False
1.021056381055812,0.7102917628265203,True
1.005513989441967,0.48005487338063746,True
0.949667890953906,0.11332142404427292,False
0.9839435235005858,0.6593348825668277,False
0.9741347320680325,0.5756657493551588,False
1.0102157083806576,0.6240147632996479,True
0.9987057094172971,0.3372168452054831,False
1.0671773124505057,0.5643069791254691,True
0.9864203429086081,0.19970375905984894,False
0.9865985642240735,0.5656643924808574,False
1.0413045671186436,0.2678470358132755,True
1.090553333340323,0.9297055495481635,True
1.0005975179839866,0.9179452450024551,True
0.9994871413348634,0.8386478332259782,False
0.9239324967493616,0.36758437049963477,False
1.0588274028909683,0.7392233088499794,True
0.9499466844065031,0.8006558295789329,False
0.9726747821397272,0.9147721734569143,False
1.0355120769761967,0.7935981401432292,True
1.060716866111119,0.3319351567097787,True
1.0007635556488121,0.7179784968648955,True
1.0033246211188434,0.446298522485141,True
1.005007172331555,0.727549870686349,True
0.9753428737442724,0.4266703710951889,False
1.073582466850752,0.31032750889809746,True
1.010192158356883,0.6172036874965573,True
1.033489511068598,0.9359592287640476,True
1.048889186525188,0.2415820578623472,True
1.0384687075013221,0.9618864012647939,True
1.0183137381123843,0.2135064225983866,True
0.9278624477133841,0.03842575202318366,False
1.0011478145561414,0.32356541721897203,True
0.9809579804359314,0.7591065864082986,False
1.0781345564288904,0.39031612017965256,True
1.0032739892541722,0.8688186432150434,True
1.0487980688992495,0.440356288514948,True
1.0031333533999758,0.0014073266948368968,True
0.9914479862718142,0.8059498741774028,False
1.038467866549305,0.12045308087523954,True
1.0238054493120532,0.8973664065425908,True
1.0028287841135546,0.048193148912501926,True
0.9738676432904547,0.3584619233314782,False
1.0295550816143901,0.9246672008285814,True
0.9759237110009368,0.4252472577680073,False
1.037320465961543,0.47431570633273357,True
0.9856769572036171,0.3069204116895331,False
0.9552944790702808,0.7656070135224002,False
0.9411267373074417,0.4419353098361247,False
1.0152643826258827,0.2279087126061029,True
0.9506150014980326,0.7568034153585551,False
1.0128080456604978,0.47426245697570835,True
1.0291344045405064,0.9583335066700873,True
1.000288619050102,0.7471427538129436,True
1.0464782187153747,0.4846816729280434,True
1.0722354103935485,0.9228793317969788,True
0.9636573916187134,0.6950363907196313,False
0.9990912836919338,0.8509621812233047,False
0.9512049706739609,0.38141293744169713,False
1.0100135653713085,0.5339014364249933,True
1.0563979225615652,0.7539133005098898,True
1.0258492341223704,0.4228306260292599,True
0.9905010402770588,0.9482401846099051,False
0.9681980238653233,0.6900811265898266,False
0.9466504644624325,0.37092312321885523,False
1.0532058226915226,0.8695482187088356,True
1.001146398287445,0.294465383821082,True
1.013495210493477,0.5625145269370375,True
0.9833699429983314,0.3348938500982772,False
1.0123179026461155,0.5894699900431885,True
1.013576353326444,0.4148269897810438,True
1.0011287181175421,0.5832651022191797,True
0.9178823205615895,0.5304611037278373,False
0.9846045426696972,0.36780841755581617,False
0.9802933673269796,0.1896195508832993,False
1.0045736279852926,0.288589562812004,True
1.0014271678885336,0.7512514840688136,True
0.9652085316983845,0.30479569443370136,False
1.0241756240167805,0.9799261781049248,True
0.9883631099918881,0.20798716888384716,False
1.0196458162336048,0.65383217583427,True
1.042681281321176,0.8728962765203107,True
1.0054383848905963,0.3276394405394977,True
1.0092403867839501,0.13589072743188058,True
1.0028745853695304,0.7878344447176996,True
0.9773829384239215,0.3072785936192385,False
0.9787123194017825,0.7683012827172788,False
0.9975106706704108,0.0716415274866512,False
0.9803750914776604,0.6238405086654837,False
0.9248769454470657,0.21893025763528295,False
0.9616451140517066,0.8853146949441216,False
1.0156710724600913,0.9711135696712392,True
1.0114248897953202,0.39004812478809503,True
1.0281543996613431,0.0559802828618291,True
0.9739528452530687,0.25251403363094593,False
0.9647463137001148,0.4631519087061854,False
0.9833253120220892,0.9682111956784162,False
0.9908888532418101,0.43954334411742046,False
0.9211189057795179,0.6508833448443766,False
0.9150576273381777,0.07894890761034712,False
0.9911196626180234,0.8404899391864925,False
0.9829930378813149,0.3053640231632876,False
1.0228275885954372,0.06653815871405333,True
0.9894762638758593,0.6246560481000487,False
0.9808913341126646,0.8789663302200287,False
1.0167780997261122,0.35736383806088046,True
0.9991834361943599,0.7900531826246814,False
0.9659216403540071,0.8959470333417057,False
1.0541206125102704,0.354276989299917,True
1.0177349969935732,0.7113256670948657,True
0.9728533922425144,0.5815717248319446,False
1.003320602828464,0.6299446133272936,True
0.9622704517059492,0.19752660253780163,False
0.9988397216096477,0.08332416870755177,False
0.9975865231209653,0.6276604866019303,False
1.062199703075834,0.9295250552092728,True
1.0671996771780934,0.30141713825347216,True
0.9942772036860533,0.6817817545882929,False
0.9767997522959999,0.7204734749847465,False
0.9525044366635891,0.4170672885326495,False
0.9609524536091552,0.27919206679580844,False
0.9479379144375423,0.5615422727322927,False
0.9971512610191401,0.3620178248362287,False
0.9752224250978007,0.39185971197328506,False
1.088791738593104,0.23909864441509443,True
1.0004961309555973,0.8983291669620724,True
1.0160260717760121,0.47341089562170446,True
1.0576665581059332,0.5947916212679284,True
0.9996890119467728,0.15226017822545446,False
1.0221318793860175,0.27022639681378324,True
0.9749169542193521,0.6379432570046273,False
1.0003053613002202,0.8788584817519832,True
1.0005890657234253,0.38919228550425045,True
1.0305704381791987,0.9868004967877222,True
1.0584387871709364,0.8590283092132656,True
1.0350013684465866,0.9577546204681323,True
1.0222399323772549,0.6017183755857193,True
1.0475741974401707,0.06743672437831105,True
1.0219425695345576,0.22458571420329088,True
0.9917286645251119,0.34389085249395746,False
1.012868105603879,0.18628689692913103,True
0.9400277990470997,0.33688361827520563,False
1.0172872513809075,0.30949192737089215,True
1.0271865700402754,0.8915446999782812,True
1.0021341145535032,0.552578454830192,True
1.0456299539987721,0.7650974771395781,True
0.9436295549285978,0.6670996207775304,False
1.001347519169251,0.551822571442337,True
1.0079371757372309,0.4656237416547776,True
0.988070322709169,0.6118834607009154,False
0.9864336045571607,0.6935993058654094,False
0.969874000853652,0.10456690462601392,False
0.970139521947459,0.43376478952850717,False
1.0092180903236578,0.37765576562467496,True
0.941182185733276,0.42646525863037266,False
1.0239696510935192,0.6133699559188925,True
1.0002629225549708,0.8420127647866267,True
0.9043645600001556,0.6752727117133804,False
0.9861789055086074,0.6185945191085157,False
0.9562171191623238,0.09385762397443531,False
0.9287127722827234,0.8667014445206719,False
1.0200098439146323,0.2251032607727831,True
1.0306515498416662,0.8496439566228577,True
1.0115112710140988,0.26671030368659776,True
1.0047046294633433,0.4842789488379895,True
1.0411195575179508,0.8324722712001325,True
0.9966513118694085,0.20504523041294975,False
1.0496588058148315,0.46320676233611324,True
0.9835633533879016,0.7246615920336009,False
0.9988281714147752,0.7905549966187709,False
0.9334397875783788,0.9348124646024601,False
0.9864311895351633,0.196505111191977,False
0.9614336596660868,0.08796104927145465,False
1.0449237847977622,0.6654624277395758,True
0.9414595183089511,0.45359991292425994,False
0.9629060147770652,0.7519767469854964,False
1.0027849247824692,0.5250681652942197,True
0.9996257581891139,0.5621702304838706,False
1.035899035022466,0.4892588839378027,True
1.0444810607181103,0.2105207074404477,True
0.9984859758557434,0.4534934138009752,False
0.9954699557938883,0.6457022537222469,False
0.9293745443367869,0.43956997060328107,False
1.0527955036211327,0.06316225414270005,True
0.927223579515955,0.6169457393491679,False
1.038675690430699,0.4096174825228617,True
1.0197761219144312,0.07934288401933587,True
0.9818536379085205,0.7592543008462954,False
0.9971177470115099,0.4601013282988734,False
1.0037257704841003,0.919188567555681,True
0.9508522009839561,0.8306612080943913,False
0.9917926902962632,0.4245505194317003,False
0.994703279325948,0.21303921647007884,False
0.9641952402590106,0.28196132544059516,False
0.9966296182836839,0.2348418626420785,False
0.9652678668712766,0.8849086695208247,False
0.993019014625184,0.6262503198033834,False
0.9971658639526781,0.920682535019692,False
0.9943393789198945,0.008653576697026932,False
1.0539169135795865,0.9171476382103322,True
1.0021695875080736,0.9451142225529259,True
1.0270104504539244,0.7645969556581423,True
1.0277520836214122,0.6822604901577648,True
0.9304408084146849,0.20457388399358023,False
1.0021646394117476,0.8551278729750474,True
0.9885414429440651,0.7885613225531829,False
1.0352438826240506,0.8658375554584179,True
1.0230879270229647,0.2192209842059215,True
0.9225293496928425,0.5943868050222395,False
0.9389959588345845,0.0741249767084542,False
1.0342644674797454,0.5585223095786325,True
1.0129466813573238,0.022357022408639904,True
1.0023534777154874,0.9899533544948017,True
1.0200729615881787,0.5463259731678552,True
0.9723177444096981,0.488183807183736,False
0.9962136953605134,0.7019787925367439,False
1.0419016847060787,0.37107482806300174,True
0.9712069225270256,0.9828645732150502,False
0.9897265185152686,0.3862862040838233,False
1.0022172913776821,0.26575882586091837,True
1.0804797528871348,0.11985748230146653,True
1.005053588469289,0.24822939470051886,True
0.9762458385452873,0.1334926084736967,False
0.9412282281613179,0.8988195708898029,False
0.9942537043774259,0.04853812271918723,False
0.9997268329120644,0.31184955919118607,False
0.9696075841910157,0.200234156108817,False
1.0341483025310008,0.3414273854353864,True
1.0747659674737255,0.4582973430365648,True
0.9804475756968039,0.4412670990819868,False
0.9740390720444381,0.7034092655988875,False
0.9878099497395616,0.4103525785828077,False
0.9833005966822527,0.04674875480301155,False
1.0154429969141197,0.830208356105022,True
1.0114444714228146,0.00815262768612146,True
1.0158443860455244,0.679473605616131,True
1.0379402212100857,0.2232271990634429,True
1.0118706415860612,0.749286605481367,True
0.950874806023382,0.4186123248552083,False
1.0689224474441459,0.4611901946969752,True
1.002690114015545,0.40543936548189374,True
0.9759558460047092,0.28459175039902185,False
1.051694497301789,0.11538300596077922,True
0.9783698229658881,0.619179265786943,False
0.9905038857685394,0.9676380726472302,False
0.9813671740218127,0.6331746320277583,False
1.0021790287614287,0.4971874472247375,True
1.0001430200710089,0.6085110535816735,True
1.0433245212854358,0.8530921080722845,True
1.0333109127799172,0.1271415458621491,True
1.002106794795021,0.2073304034015584,True
1.000014144295885,0.32088599504069903,True
1.0047150767351163,0.77204884979383,True
1.028504841614091,0.13029303368151968,True
1.0002555646952354,0.6799191191824638,True
1.0029211199145625,0.780882788994609,True
1.030428552733251,0.4135953598193691,True
1.032577249935641,0.8531528377147712,True
1.0123519626567736,0.6775091225665558,True
1.0059805774526116,0.6743318011461422,True
1.0227054266168225,0.654670069159924,True
1.00939079385389,0.7392688691527096,True
1.001740977238266,0.5836671071216162,True
0.9395285545246613,0.36819511470597177,False
1.0314622194084884,0.7889373987754295,True
0.9942461694482457,0.37610590666874966,False
0.9937547962446955,0.22954782844519694,False
1.0517326869852162,0.7582929738349804,True
0.9664328309313198,0.24708395483883783,False
1.0236373855367187,0.9162074380275778,True
1.001480233260836,0.631765231388304,True
0.955079436951849,0.49374281534865583,False
0.9994763272864866,0.39640232461607106,False
0.953053612379199,0.22830824365755997,False
0.999754950910462,0.7026048841774569,False
0.9981327769187931,0.016718737198212374,False
0.9979203992672246,0.6099689082580019,False
1.0262585559513,0.6678917116026032,True
0.9953048464770082,0.5183793348755238,False
1.000303723675693,0.5668310823579616,True
0.9744351819437385,0.9661309039323335,False
1.0135272859928608,0.874035115114044,True
0.9851554903206277,0.22804977186133468,False
1.0285117633482133,0.5852190631518686,True
1.0004755924376862,0.4018129666402477,True
1.045871120357714,0.4070521394338158,True
0.985959683878988,0.5404310670400579,False
1.0842251126737092,0.4180712584139249,True
1.0157782387336325,0.8974087215206944,True
0.9460629842457113,0.7704282088235004,False
1.0116187219153503,0.5799299561835475,True
1.0589829751218889,0.7781585754272133,True
1.0019195504172687,0.7352343047446026,True
0.9997249292953381,0.9727737755233986,False
1.0229060880325365,0.5605707300841213,True
0.9735356793868877,0.858043722173601,False
1.01664690351504,0.08933006125531784,True
0.9966862875815365,0.7378311177132456,False
1.038383147813139,0.3105108185618046,True
1.0209110681380205,0.4480577219140155,True
0.9990200777013035,0.4021677517133003,False
0.9716009916329831,0.49879531691362333,False
0.9985019274026091,0.1961757359848344,False
1.0002032034572765,0.429083161966471,True
0.9665014529061857,0.3667556553998669,False
1.0107924955980985,0.30198742878136986,True
1.0205779877295675,0.33785879443268585,True
0.9793486743727339,0.020673794951762137,False
1.045436617196016,0.7278885084571541,True
1.0283875673689047,0.7009717059322969,True
0.9248926843452041,0.5596947584664688,False
1.0036002957756027,0.377009000807745,True
0.982571080203324,0.00346543776993824,False
0.9954673696842076,0.6884986945909328,False
0.9774042043306532,0.11410239448242099,False
1.0340287755878523,0.8398191755178023,True
0.991324844992295,0.16238728345777176,False
1.0009768520467692,0.6875551312978565,True
1.0031775574899509,0.4922553385220071,True
0.9646092030280362,0.6193980765624545,False
1.0302829454718139,0.7013128740111513,True
0.9480323468422135,0.43266387005953877,False
1.0313569905242577,0.8818995983806464,True
0.9831386187927895,0.9949968971580528,False
1.002277802857419,0.3955918866120861,True
0.9746452675711348,0.9346828740923042,False
1.0655374432181968,0.9228854545448087,True
1.020696658765872,0.01687325565120179,True
1.0721627099997537,0.07320428241738797,True
1.0339750148429276,0.6553719794886687,True
0.9555305715218492,0.8026787607832734,False
1.035841600527094,0.8548570997952386,True
1.057118708328297,0.9445998530546128,True
1.0000686683382565,0.978047739111359,True
0.9938451437936482,0.9179999019862521,False
1.0029861041520067,0.04761995250478379,True
0.9985233167406313,0.867966124890254,False
0.971995398513172,0.9299461803067923,False
0.9605059631170272,0.8503176560941786,False
1.0197353801949793,0.10191931102141771,True
1.0254408131199888,0.11133586162729225,True
1.0468144084629365,0.7475160877240676,True
0.9918112310718403,0.013547473824981449,False
0.9941857799702853,0.9517336287837658,False
1.0254733388581614,0.8259422994052887,True
0.9775362501916225,0.5411250418706779,False
1.0257868006091002,0.12107353701098511,True
0.9260466545536107,0.12205522684400716,False
0.9968795342710166,0.1907811992184799,False
0.9581867325534446,0.16846749970089447,False
0.9650196971436867,0.06714552881495128,False
0.9570364528109974,0.3789754339277289,False
1.0352563561201928,0.9158249857634507,True
1.0187846262656046,0.5052086730468244,True
1.0726821264575601,0.6598709952844565,True
1.0077409638367685,0.705735979001841,True
0.9767760261157346,0.048794202021506194,False
0.9951432574800858,0.48599231356043604,False
0.9776819798298846,0.07742505885303541,False
1.0104036571536326,0.5472900647320209,True
1.0114318353648784,0.30702573463034033,True
0.9966641039283142,0.9235440275714099,False
0.930839337742662,0.8268383613519983,False
1.0239454975609121,0.5353072981355849,True
0.9489075227360219,0.645485986614132,False
1.0478665408690744,0.3235719386185204,True
1.0039686508684291,0.3431373927055035,True
0.9868068281262364,0.3082565181582798,False
1.0420807731338166,0.9357712900059185,True
0.9907482899733375,0.9946629581362046,False
0.9904071155915787,0.3304062487312235,False
0.9515792138504109,0.1353961133351267,False
0.9903400528096271,0.9863980360651997,False
1.0044302266361296,0.579060974855894,True
1.0776848443866511,0.16702967341762753,True
0.9662032100969681,0.19237107550747434,False
0.9965860625895836,0.7428157363993458,False
0.9546557154782532,0.4406957315394677,False
0.927475632596052,0.8412238330418793,False
1.0173284654080401,0.5169602964867158,True
0.9989170269091984,0.1120511621531961,False
0.9980908700341967,0.6628226006684892,False
1.00607136072038,0.15182615808897515,True
1.0088777380768288,0.4604040866273822,True
1.0028112277441368,0.03034749365128797,True
0.9855606964609325,0.5288877850724866,False
0.9904433752096512,0.7177662339017868,False
1.0276735442894818,0.8707072176399826,True
0.9818484539745559,0.5274841861501384,False
1.0240942399279596,0.15363763101755779,True
0.9926942175387489,0.2382479906148941,False
0.9904110119622129,0.0738342817261155,False
0.9680765400151141,0.313023846893995,False
0.9730828422483486,0.9703944340858486,False
0.952395438264675,0.6948737823561174,False
1.0336495572111253,0.33111294752681597,True
0.9792594387622884,0.8150103110510887,False
1.0130472945220008,0.9195496162050697,True
0.9999350952082477,0.956880053519267,False
1.009999459048902,0.5515377883093384,True
1.0412774963675144,0.08559607339813113,True
0.984007307600033,0.7630232023201748,False
0.9837213056941602,0.9638171004533763,False
1.0394866307477115,0.03668974055764673,True
0.9747664372451548,0.5711076371694129,False
1.0053674838797386,0.5054798155204456,True
0.9986203671940913,0.9998157873492898,False
1.0059272639059493,0.1774445188471625,True
0.9990462047965738,0.09426211494440428,False
0.9880655707098441,0.057277597299512095,False
1.0122101709217048,0.26332933820325255,True
0.9817924531152191,0.6465556509908834,False
0.955401784376863,0.35363067833340567,False
1.0255278490480064,0.6472131839481942,True
1.0064934533330385,0.5401128407404908,True
1.0308917066907317,0.3141103969995106,True
0.9902170927104791,0.2651369712170182,False
1.022266787809566,0.35470823936470197,True
1.0166242630253262,0.7864729929227777,True
0.9995564021006095,0.5432216386689454,False
0.9518067037302528,0.9584033377101464,False
1.0226088102671167,0.4347664159043989,True
0.9996210841518804,0.38002638745660755,False
0.9756609856875711,0.7274900297173307,False
0.9997587016819278,0.2836745047416861,False
0.9921159145042773,0.954095755183289,False
0.9706494558103013,0.24149863279832762,False
1.012744238180348,0.6415610159599499,True
0.9759429000642581,0.10931440352009592,False
0.9808789999462209,0.364054617215113,False
0.9554440864663496,0.7178201224256633,False
0.9964512405418251,0.9587075683699329,False
1.0841463550155566,0.6325342851791206,True
1.001270770521389,0.026117569273342633,True
0.9265874250874144,0.6800313180025803,False
0.9995014292978329,0.11127378084151773,False
1.0017230089592861,0.4763458925654236,True
0.9703573124103373,0.3104845280286396,False
0.9465147860038112,0.894234224596702,False
0.9955817845034752,0.3967013979683838,False
1.0294788192037168,0.6862697633138899,True
1.0269086334203534,0.0902931180558052,True
0.9969182750098329,0.8994047688042419,False
1.039193200193423,0.7151332955105587,True
0.9334363224451631,0.1296093692729311,False
1.0104742155250117,0.42585057767433676,True
0.9891769124271,0.08636086413214483,False
0.9998833684424725,0.8878243135534776,False
0.9644860188367089,0.876106738434734,False
1.0696087066265763,0.5032376679212379,True
0.9649224426840342,0.1378349938798763,False
1.0304094018430607,0.9906385225928145,True
0.9407921428759004,0.0740905558343542,False
1.000029947834868,0.45004651890119773,True
0.996485732008502,0.44813425217395175,False
0.9824679771457061,0.466361890170628,False
1.0233668582719093,0.017811478215327248,True
0.9962859966257831,0.06123311275872867,False
1.0869266382256333,0.9128327481114595,True
1.008225118771143,0.6073678058529849,True
1.0432853470879606,0.35090511990621465,True
0.9932523186878564,0.9581894302963907,False
1.0070720827647344,0.8835770643780189,True
0.9889837687736404,0.5844735130940697,False
0.9940647247607809,0.8505708554910394,False
0.9754839938308065,0.43424080371113893,False
1.028291997658309,0.5159113266839606,True
0.9664345238880636,0.7183593196851961,False
0.9927641969645119,0.35420065992231375,False
0.9920341044576869,0.9625970065414515,False
1.0452281969704373,0.2031943245389407,True
0.980787428659349,0.7200894400360471,False
0.9593620736814739,0.8171958776612511,False
1.0225261011470406,0.43351644056238137,True
1.0018718735859284,0.7926135009756526,True
0.9859893132321911,0.5595421792490443,False
1.0444982798990525,0.44707751173434196,True
1.0010520663115583,0.45951238451877163,True
0.9846715815438069,0.06862103951934417,False
0.9862706999255141,0.33191294649650627,False
0.9904514054804308,0.11060185333896022,False
0.9578845466780816,0.7865778187264227,False
0.9852022009667356,0.6836457652533516,False
0.9635185820912793,0.7673504767766055,False
0.9391232593458081,0.3328101869165737,False
0.960397243353935,0.690097409508729,False
1.0399228225587511,0.9907923236117221,True
1.0002359998858577,0.27189715961543726,True
1.000786900954479,0.7881539657876848,True
0.9999985869661783,0.6003657191129373,False
1.0122435566776478,0.8017890077388854,True
0.9939488169554092,0.08380162364820753,False
1.0174543597641954,0.37339420919650246,True
0.9924727409533013,0.8051606196169818,False
0.9992347095469442,0.800815071691353,False
0.9908508261771724,0.9440924681412574,False
1.0492198677766083,0.7312762040136278,True
1.0263627199261143,0.8410148515087176,True
1.0201026793417078,0.9220387344326119,True
1.0277854543618477,0.25617893196087005,True
1.0083647309609503,0.5876630609938401,True
0.9834081254824475,0.7410413817301614,False
0.9381330603593735,0.0007431375778349514,False
1.0131203967632851,0.7691425507165227,True
1.0566832697460522,0.24239111879631436,True
1.0454496158584812,0.8219166854067781,True
0.9676714304663658,0.4813717070808704,False
0.9741615732982264,0.20571778771108118,False
0.9466988613629804,0.9519602745859242,False
0.9657633190379737,0.8703166846300822,False
1.0135229699324746,0.47724141000391296,True
0.9969031235589844,0.5795020247628876,False
1.0371269917672077,0.6216538074676543,True
1.0571228524976517,0.20621857775014774,True
0.9800544387864144,0.443621531393107,False
0.9724469368128933,0.6096094801283142,False
1.0117506227611668,0.22845247282333603,True
0.9874692696087413,0.6798404093227339,False
1.0790184969214398,0.25980913431001906,True
1.0181372751354718,0.16188112308690317,True
1.03766182052321,0.8148341395329781,True
0.9999650845937473,0.5060150955584954,False
1.0165125748917014,0.87281282254945,True
1.058252084792693,0.8528844530788139,True
0.9853916690178346,0.19774797282237266,False
0.9981748643794927,0.22996801613090512,False
0.9546299676292629,0.7659915825717107,False
0.9687955254653964,0.9977366971656609,False
0.9462033021253886,0.24332567251991521,False
0.9878175224117516,0.5888315481824659,False
0.9887059511173779,0.44806578760834537,False
0.9660942429710031,0.8046573416549614,False
1.0002695928052794,0.3072116413224938,True
1.0258746023292946,0.10978325391505483,True
1.0395114490145256,0.035269015533423875,True
0.9979424893176667,0.9583424484686627,False
1.066759035873453,0.5066979594432253,True
1.0022092335290176,0.3360166277905987,True
1.0098983639182595,0.7052294672603202,True
1.0240092186811989,0.47850469740743207,True
1.0196190439922523,0.34105347035028877,True
0.9257372256385624,0.6325717915513112,False
1.0068004477018377,0.4091993309464965,True
0.9688737211006743,0.3145290161139843,False
1.0031044282678543,0.5719850822129294,True
0.9840583741284796,0.683659351543037,False
1.0442203861629866,0.7078198004019568,True
0.9902661239427624,0.3976548714627811,False
1.0550416424566027,0.993802200296507,True
0.9849784890322053,0.05841057345134315,False
0.948280705247279,0.8716481378709565,False
1.0094129701729004,0.48762240255760325,True
0.9967447393150792,0.7507393312898987,False
0.9979923707721745,0.281286660925506,False
0.9975630079302744,0.5940195433408607,False
0.9971859725642344,0.42609514743227805,False
1.0015839960108264,0.912108441644363,True
0.9418570205556634,0.028599370754025744,False
0.9846432420259771,0.2577202142151812,False
1.0056708328290596,0.20003184769870397,True
0.9986546444555767,0.4162290929049638,False
1.0500512163696587,0.3793571366266032,True
0.9332304758943905,0.7952354589965791,False
0.9765262422040065,0.25864468096303594,False
1.0128086251595803,0.167357061506336,True
0.9680876036735252,0.14588195447389185,False
0.9156238050273602,0.6020938209580181,False
0.9911067902031848,0.3891371158705845,False
1.0126641231601596,0.3885674722609319,True
0.9917446807927599,0.21610451643232387,False
0.9919165117785949,0.6541464065422278,False
0.9746792743147952,0.30221527929564573,False
0.9839038834870378,0.5607928860421398,False
1.0126443304346182,0.4413913545254655,True
1.051689645095848,0.9547414990763068,True
0.9695826725740327,0.8551295445468033,False
0.9651194004157294,0.19446927402541403,False
0.9926018561820467,0.6305408676759485,False
0.9484183799295031,0.39026537585332155,False
1.031062247146333,0.12061540322632092,True
0.9915097627084688,0.7825868143962449,False
0.9879646681327551,0.6499862837381075,False
1.0135958351446543,0.41229713645111266,True
0.9986763514138703,0.6362804429675035,False
0.9286949855538575,0.5345952922497138,False
0.9779647228149243,0.9992957663470039,False
0.9367323681772365,0.2813948402382227,False
0.9849048869846335,0.9693837126823475,False
0.9824247310933927,0.9450651863331541,False
1.0012734394762088,0.22441693133561857,True
1.04654241008483,0.8247764108320765,True
0.9979180979541502,0.8705859830171482,False
1.0365660508619994,0.054563568875757085,True
0.9301305925451709,0.9517772740815875,False
1.023772759261925,0.2563230974404691,True
0.9452621920473051,0.46739514452367736,False
0.9960148697713905,0.7164967855422784,False
0.9870516377412637,0.99740353875617,False
1.0276508542664164,0.29387834420049774,True
1.0078484861764125,0.2501063186571477,True
1.0029083539128885,0.5970229961770789,True
0.9913094695569051,0.8999725697470549,False
0.9500079959456493,0.7964727162635556,False
0.9821704560967982,0.8268077049864139,False
1.010923979504164,0.44242473376579283,True
1.069803706424882,0.21024326798398063,True
1.002695109471891,0.24853671257110854,True
1.0243489912237704,0.1543971916206729,True
0.9588471388640738,0.7834285263048103,False
1.0660716763556168,0.6524943381675525,True
0.9587943958985043,0.6176937396301501,False
1.0128723390025391,0.6239795386912952,True
0.9870903810617471,0.9299609452654753,False
1.0343957289752599,0.8175465582425794,True
1.000566264895583,0.9108942350570796,True
0.9588442875166352,0.48655819723601246,False
1.0382407392699695,0.858107684969341,True
0.9891158768340594,0.14659320466137893,False
1.0204544201696597,0.7493969016115648,True
1.0487485288560825,0.37326630451348586,True
1.0462056466922034,0.8680061591752968,True
0.9666279594757027,0.9590664850411365,False
0.9878671537226008,0.3351309791529128,False
0.9498665983332321,0.5790338217644262,False
1.0267809757323567,0.3033575654171039,True
0.998680080629572,0.6554165635673986,False
0.9930867249822548,0.42399974084458336,False
1.0180435122082834,0.22118409550893015,True
1.0112874255571394,0.7176694079812034,True
0.9990092240254275,0.5649805585033837,False
1.0395032593137281,0.7823279240616191,True
1.0016151083747011,0.8507851792488439,True
1.0489087486813615,0.648503708697716,True
1.0613330920414268,0.11481814965220771,True
0.9499674587194938,0.20018601549976933,False
1.0167309059489955,0.9981531737351431,True
1.0072774610054884,0.8339658732916537,True
0.9913191495055816,0.11451665648059417,False
1.0238972196612204,0.8231448155293485,True
0.997246126527055,0.6521058372684274,False
0.9916879842449992,0.8948187273409032,False
1.061862208226053,0.2334303257179432,True
0.9841403778645953,0.6494133987054678,False
1.0097568890849473,0.48935664052541494,True
1.0090124835195293,0.3614173048967261,True
0.9857771619417525,0.6018187458310487,False
0.9699370942068213,0.07389122994883257,False
1.0566841658967476,0.5866413851958338,True
0.9934449651380829,0.5395981434055191,False
0.9375273455588025,0.13227335065329737,False
0.9329922172119555,0.4779486391635306,False
1.047284717087192,0.437899141858473,True
0.990044586163288,0.919250433531519,False
0.9638922627532728,0.9884433566911615,False
1.0069976930102273,0.2718450117379183,True
0.9732405547263917,0.2527516603386536,False
0.9622618801530354,0.600210350201408,False
0.978459919393441,0.9210889630171115,False
1.058176005256814,0.2520585343061559,True
0.9898316060225586,0.9210119320347133,False
1.0507098981048553,0.8539065335129851,True
1.0059447634616665,0.8997495988561027,True
0.9444631138074031,0.9150855103946848,False
0.9686577445399769,0.5932270748950185,False
0.9660792335906688,0.4885903960296891,False
0.9690261134774665,0.6411548445122941,False
0.9844263113861987,0.36282174993201066,False
0.982277879411896,0.38399071844321087,False
0.9925255912855709,0.43072257053885854,False
0.9736900401280212,0.5489498811836699,False
1.0143169805753827,0.670299866739249,True
0.9980571401757246,0.4593522717811096,False
0.9329836569280856,0.25807610007032955,False
0.9456438984572363,0.6026119406877174,False
1.003746193971498,0.34804117246922317,True
0.9959896935772143,0.8084226218295191,False
1.0464952465204251,0.7276887133413384,True
1.0190048714231448,0.27726482816350795,True
0.9535786768232293,0.6024902495821245,False
1.0754019093717588,0.869589747766448,True
1.0612529205341599,0.18146996025386675,True
1.000328186952515,0.16071791032720284,True
1.025523296876428,0.7170880965792831,True
0.9943293200568714,0.5518451744452325,False
1.0326270416983032,0.4284085507971064,True
0.9756852301977436,0.7436689286559761,False
1.038535870065732,0.13403181803385011,True
0.9801098836978778,0.2062679900921902,False
1.0177690014266039,0.8375409997618879,True
0.9978960121691971,0.5763920824509741,False
1.0507222796930118,0.7057474314836942,True
1.0183565272173314,0.18156891541870468,True
1.0385652350556516,0.6901403273273514,True
0.90543985212882,0.05743216070544377,False
1.0016843902181085,0.37179038900481653,True
1.0134077859808752,0.747802000144474,True
0.9532275673425135,0.12595298949095535,False
1.0040645069108105,0.29349030075953175,True
0.9812969460306081,0.16599833116774765,False
1.0020385405584107,0.9450585762388788,True
1.0290195699804916,0.6274553364095291,True
1.0051975906207578,0.7117851308193944,True
1.0250064893741448,0.7631285525676471,True
1.007811379034781,0.707784587013999,True
0.9647350450468183,0.5962902743179135,False
0.982035152017004,0.7721876190253193,False
0.9931603533458261,0.0943741416653312,False
0.9533378605748877,0.19271051746703427,False
1.0353128787083081,0.4585104179724878,True
0.9991738869814784,0.3213107763277063,False
1.0029161806944222,0.23572290021037579,True
0.9687942095239507,0.06712476697941194,False
0.9807220109686803,0.5602695556663553,False
0.9677895489407083,0.8794647147947403,False
0.9906677216960449,0.94613082663794,False
0.9883084192562621,0.5302035091146128,False
1.001043358669976,0.5308330956055471,True
0.9998608352928675,0.7454238414229434,False
1.019862101170122,0.6973663752973961,True
0.9339034726235174,0.07877968059470897,False
1.0032836965215872,0.0736694660893471,True
1.0320223732594296,0.019495157383994433,True
0.9658984059721591,0.07061439361819832,False
1.0264247481352535,0.6685026772526605,True
0.9652954769363442,0.7365702577480966,False
0.99995868363588,0.36805350265448344,False
0.9790696123165478,0.54677012417225,False
1.0882834806266126,0.5547993607175308,True
1.0571519717525537,0.44701269431963186,True
1.0229504370457831,0.5061600865318865,True
1.0457720214605442,0.6565525594997632,True
1.0357086225702163,0.24520195173818593,True
1.0216514632452802,0.7661424296873095,True
1.000158803012117,0.16390241611607548,True
1.020906259575102,0.2813854254321696,True
1.0011942051001836,0.7576568131069165,True
0.9903516700039426,0.50653003329107,False
1.0164170620742399,0.2889466524450618,True
0.9866280814193324,0.7425501441132855,False
0.9727623031102131,0.5328553703805208,False
1.0095443145795633,0.3414903551814804,True
1.0068568203981167,0.03767184226205966,True
1.0021517494980356,0.25426395659545276,True
1.0397432828346995,0.2955807078049464,True
1.042603607006199,0.9408007003878587,True
1.0052888666483013,0.297674034095744,True
0.9533923194560338,0.5354895711778279,False
0.9509217912073817,0.918500733345761,False
0.972313723851481,0.1962734432633897,False
0.9996647723369972,0.4405623220410084,False
1.0520229150982683,0.9628876881434864,True
1.0004035760000498,0.8343080105838094,True
0.9908725397963847,0.8568223652777157,False
1.0728047054993428,0.04853985909722802,True
1.002223619118332,0.7667261422459309,True
0.9973025996759526,0.7462214761067752,False
1.0311794628417867,0.3711468138411096,True
1.0419364210647677,0.5500716733222232,True
1.0233636972783262,0.41994894713430786,True
1.0374715108565788,0.6022864619095843,True
1.0031007956130884,0.40751033441613593,True
1.0005641953632893,0.572661685626486,True
0.9882380725678328,0.03939373815383096,False
1.0013786823033284,0.8355330003883218,True
0.9497022363044467,0.3851208894730149,False
0.9342734359605953,0.3831923410268464,False
0.9611005797509324,0.4342719726894577,False
0.9961951969628613,0.40624134534036205,False
1.0277128713204242,0.41737191834590615,True
1.0144615386727773,0.8513053626384594,True
0.9947255185690622,0.9406623777896654,False
1.0506008089558674,0.7067408552538298,True
0.9977253233749134,0.14925366460668443,False
1.0620365225420136,0.4598268367474162,True
0.914206326986788,0.22885297615189737,False
0.9539515042024989,0.7848490238341728,False
1.018589410307103,0.8495183807402766,True
1.040074240936524,0.9826804617609548,True
0.9952596245472926,0.20870303701493287,False
0.9784965612273288,0.11848936049662129,False
0.9991491670633225,0.26564524627979835,False
1.0587646245951827,0.12953175402222228,True
1.0164026024088388,0.1428113775842661,True
0.9769980659641587,0.224011669535646,False
1.020263696806063,0.17169843576081367,True
0.9938495859115376,0.8067681953092563,False
1.066829062129145,0.6097121926126579,True
0.9658654186409414,0.9084950380293823,False
0.9906217125715697,0.3666833901747354,False
1.0431027886203128,0.4512217125193301,True
0.9719506323836294,0.8735176049672371,False
0.9838538475441158,0.22106025845505284,False
1.0193873690987028,0.5543866947115791,True
0.9849050112835621,0.45249422841173814,False
0.9814149879393784,0.38788465125832283,False
1.002271646197657,0.934041994791677,True
0.972081570375095,0.645766671787798,False
1.042254793172977,0.5126553545965661,True
1.00495503598542,0.6325411616762078,True
1.0003824777656065,0.33966772471726914,True
1.0127560018345334,0.22038186470697918,True
0.973191269336679,0.15521867135582812,False
1.0298075041743473,0.6750497171428389,True
0.9504178400806736,0.5262822247979083,False
1.074945126542286,0.4017128381231385,True
0.9795164784168711,0.8821237160010235,False
0.9674188333324378,0.45781232579128917,False
0.9797594996833964,0.12207596347900229,False
0.9948908798772272,0.7875538941774853,False
1.0313188925278016,0.7828525565355718,True
1.011782474953075,0.7296496019587467,True
0.9947452874083818,0.5945214410841744,False
1.003704907212161,0.5054347222744288,True
1.004363763344184,0.9264413753299401,True
0.9551375247514967,0.48693593943741853,False
1.0429118351670872,0.03534363688954456,True
0.9996587002248627,0.48601701553614196,False
0.9894703938184931,0.9853991803594646,False
1.0012600571600805,0.9856818988037483,True
0.9766940506327284,0.2408775929563931,False
1.0033549288372998,0.41413131318400587,True
1.0019191031346288,0.8634548997139736,True
1.0487521399291662,0.9984718510782122,True
0.9997314387886895,0.06819520728297834,False
0.9824226996447898,0.9426631129897524,False
0.9393908503158134,0.6914521779369605,False
1.0654754241195687,0.28109960228103337,True
0.9951922439330609,0.3471130620509403,False
0.990989450602084,0.2335210767911492,False
0.997461062944576,0.43877040721249394,False
0.9974771031395379,0.2941993532320125,False
0.9938952741002373,0.08250959718912387,False
1.0676548902160419,0.9592619757682498,True
1.031778620444576,0.3797270280180246,True
0.9177519295825826,0.13651550902407128,False
0.9964085709948717,0.5007364276720614,False
1.048555498544726,0.45767021506677563,True
0.9738585324775868,0.781838576722051,False
0.999302175809302,0.257219719123743,False
0.9796718022189161,0.17838306809259108,False
1.0145052632945977,0.40468359609148585,True
1.0051645857504952,0.7953022169647885,True
0.9884533296972103,0.8013523345206953,False
1.0380348407439448,0.13795050246750273,True
0.9778372974417189,0.8080025451890529,False
0.9831410707653904,0.27915095333727347,False
0.9663606043617444,0.23360687177995443,False
1.0316997439610922,0.1045075816414397,True
1.0208399115405282,0.7636540944836696,True
1.0024130459474008,0.14908744155150777,True
0.9809035519875956,0.2324951005245387,False
1.068809862746885,0.07641254020072419,True
0.9836106041966853,0.32331398935880096,False
0.9982962096445003,0.4497006889648413,False
1.0228389079125748,0.9607637158639911,True
1.0325135022672498,0.9990254808370646,True
0.9997786210163231,0.6212774231697632,False
1.0560679128807369,0.4001315991635521,True
0.951210556595827,0.48668793433033497,False
0.991848864741788,0.7962209529653433,False
1.0394340504997381,0.19660919675553223,True
1.005787488847327,0.6569018038048094,True
0.9308064837360961,0.7624051409505562,False
0.9203216228274819,0.15852616067557568,False
1.0219670811114259,0.05419831701991806,True
0.9910694527581613,0.19837229524563582,False
1.017862160590028,0.4889082258118833,True
0.9623918214045355,0.7076960511002036,False
0.9924706156912708,0.8047750899356669,False
0.9921846772506983,0.14504233709873726,False
1.0380480338043825,0.4529440284975772,True
1.0167340532824125,0.6138133339106022,True
0.9932253870734948,0.42399895321201786,False
1.0394753365267113,0.20820411973626485,True
1.0597285971438666,0.04886687108547183,True
1.0007716943593583,0.1810624412854791,True
1.0121204539526452,0.050877415055404995,True
0.9248643012071994,0.13593735572946164,False
1.005451827769304,0.48946204356126155,True
0.9878861820216214,0.4693666647490382,False
0.9452298707918959,0.29753246432572755,False
1.0281625565043013,0.32928143829662104,True
1.0198557845553125,0.706835664626414,True
0.9681255916323347,0.4836740860558717,False
0.9799024230721348,0.5208196400154498,False
0.9914835962505829,0.6941588167432566,False
1.0170843967853633,0.642641254739243,True
0.9984226128747612,0.12525937534438658,False
0.9835093786013183,0.40456902139136963,False
0.9835618217961168,0.8989075230783673,False
1.0109587093034131,0.9230221647189922,True
0.9991521532686295,0.32252973129602236,False
1.0255599982225059,0.26465556470657026,True
1.000799590610453,0.5148318569134034,True
0.9849329385826964,0.005955483341974488,False
0.970800801431081,0.6572576713792845,False
0.9879799034385419,0.002261971967752241,False
1.0159012111308263,0.2048174014605505,True
0.9911869734960926,0.2308665514705901,False
1.0400663218121087,0.28377755982796626,True
0.9435391975916485,0.6710649975552474,False
0.9690307642647313,0.9135197387788035,False
1.0245254965613246,0.42214354686888234,True
1.056554790320225,0.8407957377904022,True
1.044718592728681,0.799850626262536,True
1.0009029442938828,0.623515059849943,True
1.0055384029901704,0.7945894988341552,True
0.9987233881229205,0.036553817981223924,False
1.0511341005844617,0.5433897683757505,True
0.9486576668236705,0.3279676759196041,False
1.013927701742799,0.30212340071918853,True
1.023610583582291,0.34606133649329607,True
1.0481974223137502,0.2951273188891548,True
1.0629616356932725,0.5391606022487111,True
0.9902042535288095,0.8432531678468004,False
0.9761306504461458,0.36720840486714446,False
0.927863422192003,0.5348730560336581,False
1.0522685437145702,0.8228519288666182,True
0.9864108150164147,0.5706007967907392,False
1.020936675172401,0.17354520152705444,True
0.9516675747566445,0.33604047481278343,False
1.024429754523548,0.9482859928112466,True
1.0021555537832438,0.877151282394191,True
0.9721010529351296,0.6245605674293628,False
0.9951733811140614,0.18181098224232972,False
1.0094962209328542,0.3554818112735796,True
1.0133544575190339,0.5605369538215117,True
0.997273196523684,0.6839844232855344,False
0.9564338019219418,0.5540189886828772,False
0.9970627814465667,0.28224881322092477,False
0.9614822343100128,0.11003328417234981,False
0.9537520546102131,0.7544428902379162,False
0.9859232792156907,0.16186245076849293,False
0.9776487158588668,0.8358600636178904,False
0.9914058999552745,0.9844204432666046,False
0.9846887795552542,0.7472177153064449,False
1.010977618201118,0.002461590834116789,True
0.9933604099685203,0.27253408786644195,False
1.0120289337706008,0.0952521682488,True
0.9877496060023684,0.4202844939101211,False
1.008372514332642,0.19762171189520017,True
0.9604326865838253,0.6492059396911765,False
0.9925520932645455,0.9745759039225195,False
1.0649061556615995,0.6150846980390707,True
1.0075698866561498,0.8980152281503095,True
0.9584590890478504,0.7284335719700924,False
0.9487767360347715,0.9895593729825328,False
0.9836816218737539,0.07021224550328609,False
1.0009734212918544,0.713598313871788,True
0.9957300564778663,0.577340913285351,False
1.0318401596937632,0.30908851192785447,True
0.9525550978028519,0.6036185679499879,False
1.011182223887376,0.5081950589938883,True
0.9804312048832028,0.8357046277266219,False
0.9832219567449674,0.5617332360786073,False
0.9515331548516963,0.26281748239476777,False
1.0326713894374226,0.6376700335096073,True
1.0219084304626775,0.1496244915799989,True
1.076369487791068,0.28564685389103417,True
0.9960126520494544,0.2374539881004799,False
1.0007565762477808,0.1939567726253303,True
1.0224361326449056,0.9449259922007354,True
1.0182866381837732,0.9159896250067369,True
0.9644030172698996,0.9943620424274167,False
0.9959756864190806,0.08926794192936582,False
1.0243520366910515,0.39592725599728007,True
0.9797371172896763,0.7658519754554223,False
1.0362515053921197,0.6880005427032164,True
1.0217650646232785,0.9630496558974734,True
1.0032993263429084,0.4890164748383422,True
0.9387482494294566,0.5860845120459055,False
1.0312564443417243,0.25022665816948997,True
1.0141070919174444,0.71318262287106,True
0.9405865133482968,0.7439561521282702,False
0.9309253928778447,0.48156164209452046,False
1.0414776417937472,0.4108861589042301,True
1.0094759859729308,0.505565123404822,True
0.9704893714497279,0.03043341362869534,False
0.992332893201531,0.325240565356232,False
0.9979257933424065,0.045612638187499166,False
1.0149093211795406,0.3923222496244523,True
1.0139662295969478,0.5481541235496805,True
0.9890983319970451,0.18018887895204516,False
1.0145455930141254,0.2733314235816553,True
0.9772438041790384,0.26525586485975583,False
1.0155611479148445,0.8322951381375636,True
0.9576259888995066,0.057815895128346284,False
0.9767380926410846,0.3434745311871893,False
1.0054853067456497,0.7846711878631395,True
1.002200029730505,0.17696998988374346,True
1.0117006413302285,0.19088527515976283,True
1.008021072285132,0.44393084415475326,True
1.0088156999270892,0.30355347282472955,True
0.9961508412740471,0.09178314423056455,False
1.0171142747305864,0.7868841925959524,True
1.0082477159542114,0.09760963503914022,True
0.97231402269088,0.27168666951169795,False
1.0001546485903385,0.2881316432198846,True
1.0069204097799704,0.3907240003387713,True
0.9968225631050079,0.5594161804241888,False
0.9951035800460175,0.06685979060028835,False
1.0040486418462065,0.20262013870912055,True
0.9889944532416994,0.9081382127853038,False
1.0634977204783336,0.9390289829682616,True
1.0058348728493445,0.9204299872277821,True
0.9874567227526899,0.7331758939393835,False
0.9637755217593006,0.8490635050156612,False
0.9686760339769555,0.7521342027891781,False
1.0373476835028501,0.9605018091376025,True
1.0379100105369465,0.6257896626134873,True
0.9946394045747473,0.495786919104801,False
1.0456208562716216,0.6428840887797784,True
0.9989451464674546,0.43676992589439323,False
0.9733767154175269,0.3269892562102451,False
0.9851653749040544,0.4340791685969754,False
1.0173715399599004,0.6227690724466337,True
1.0196545516796731,0.8252407531951235,True
0.9322467921214271,0.2784503051268208,False
1.011203799972134,0.7644191706209095,True
0.9938826286028615,0.15991588516438227,False
0.9993340881511744,0.6307049716618583,False
1.0122485052000896,0.5278043226722591,True
1.0158143559107087,0.40935685074503314,True
0.9929926826618404,0.8268635253217191,False
0.9824170642125439,0.4949568290928017,False
1.0059114856296765,0.030599969600618393,True
0.9328148744888802,0.1885868269786365,False
1.0079220855640283,0.1776806715216932,True
1.0507777008477914,0.5079201347182708,True
0.9887635362333443,0.5977170075798521,False
1.0008038450070547,0.46636416522456436,True
0.9554451451012186,0.9380961774086959,False
0.9731291678090537,0.39207051562842365,False
0.9233983560468275,0.4739815975138736,False
0.996779407872421,0.9541456580386133,False
1.0286287094685957,0.7377219375179604,True
1.0122839447528895,0.6384237143464971,True
1.0092094692064315,0.0484615330814836,True
0.9626517597929718,0.3492269589991648,False
0.9949460482078083,0.85764784501379,False
1.0011389755743334,0.8090052334423811,True
1.0088805691470804,0.3414939979591023,True
1.0024002070373514,0.979383990176753,True
0.9972276725776141,0.8445099987636667,False
1.0348878104251502,0.3798603733517125,True
1.010121859409309,0.8844991643570586,True
1.0015375465420016,0.4501421775879082,True
0.9623766932549984,0.42294960234591517,False
0.9783671092991081,0.31222390767024333,False
1.0051732979049308,0.34010366855649976,True
1.004226350878429,0.1965484350280312,True
1.0005518916750835,0.02604556107102196,True
0.9819718886727073,0.02949222016779285,False
0.9994929235705179,0.7191190134905822,False
0.9650184655533149,0.3039178124892661,False
1.0809603424589362,0.7025658280598985,True
1.0372788648197881,0.9803485493829674,True
1.0024042986957047,0.9512088786645434,True
1.0045760650035869,0.35894699493296256,True
0.9521850246966044,0.7044300917061477,False
1.0242072265243807,0.9890948556923144,True
0.9499652360575954,0.24342729097831628,False
1.001295958678989,0.5473246400369123,True
0.9342988173557603,0.9619912690074414,False
1.0486223110573722,0.8826072226853208,True
1.032159192179666,0.5485018727203698,True
1.067959553095902,0.6923768157156459,True
0.9479013260474847,0.6292366076117357,False
0.9952378487093826,0.7395551782491316,False
1.0029551568786874,0.5701077509098542,True
0.9896962536437912,0.00019931050877874945,False
1.0013376835311807,0.8185103972777888,True
1.0365933934396843,0.21639275496659438,True
0.9232277058755,0.6516983179916951,False
1.030644348556309,0.2622198048915506,True
0.9902056036584284,0.205286584615755,False
0.9659243697093505,0.04293634041934846,False
1.0092682747037591,0.4124046044917943,True
0.9835143090388366,0.9798179249326983,False
1.0320500517526345,0.6513350769379582,True
1.0386220541751716,0.5362524850718996,True
1.0167119196116223,0.43896457390247734,True
1.0541204888637214,0.07641212494095373,True
1.0046371963430283,0.8062981047897791,True
0.9613924605545825,0.488431338028408,False
0.9822847143754984,0.10458061428699383,False
0.9790422708113755,0.1535053327441771,False
1.0060058333038262,0.07668527284970383,True
0.9935435652773194,0.5705453681785585,False
0.9965586262128711,0.4151863734169543,False
1.0010449608621335,0.38011478967471635,True
1.0178138586883358,0.11271368677818028,True
0.9436158579257597,0.3920604582186472,False
0.9893294160131988,0.2216453608486456,False
1.0596452827858636,0.4386931833039506,True
0.9943590191222359,0.15403994456361403,False
1.0240832339838528,0.8666309233966785,True
0.9985617627851089,0.7148948081017754,False
0.9699794748956327,0.16052168941692735,False
1.0492808853154256,0.6112494428103703,True
0.9674840409342655,0.5203271819572757,False
0.9375473764707117,0.29453770571618165,False
0.9985479054015988,0.7289189333612607,False
1.004778233849968,0.6364770734466818,True
0.9760528910843225,0.1638180104243695,False
0.9856112400773955,0.3388856307548751,False
1.0060797123336567,0.8352782763817287,True
0.9886862744722997,0.09287063229604386,False
1.0058963797872502,0.2019833143406783,True
1.025509983520524,0.05738663767947305,True
0.9734137850134754,0.15400420389633396,False
1.05268228357381,0.07839175794496478,True
1.001658989343898,0.38189501158850125,True
0.9174189355685801,0.7552263980428127,False
1.0028061287027596,0.9153413006034137,True
0.9736973418050379,0.495313934138744,False
1.0338894202918076,0.9866821985855067,True
1.051818591952123,0.9632493894048106,True
0.9785975154225512,0.13009277565233313,False
0.991850122075438,0.9174933602868162,False
1.0177099923716806,0.32233140014307504,True
0.9762514186767829,0.8794114133564425,False
1.0955169787325036,0.8657695851913747,True
0.9871898452264987,0.1973827199368211,False
0.9953473670329055,0.3324173980314037,False
0.9072717375291294,0.2750521107545666,False
0.9676970817585364,0.3318900306641587,False
0.9939646598301447,0.9215009867801831,False
0.9997020721478983,0.9473681074502577,False
1.0220046532021048,0.8686084078899,True
0.9737412738879937,0.03658938261174416,False
0.9863832141763391,0.08328832966131494,False
1.040628477942393,0.7124727526574679,True
1.003739892133462,0.6332234053944518,True
0.9860420677437641,0.26541571488362925,False
1.0082095177866948,0.4062386846477658,True
1.0393343167709403,0.5916772244445427,True
0.9681958772599811,0.42906498386948166,False
1.0088455955789295,0.3844795672729425,True
0.9851551555760502,0.8742462077697489,False
0.9273711893349867,0.680211441435574,False
1.0784675009454767,0.01650096613644314,True
1.0030698118121977,0.141232129749161,True
1.0000034762859376,0.13766735562885601,True
0.9913239286889409,0.7226333993225359,False
0.9712033199678175,0.5149330345602493,False
1.0016740590836772,0.3525333167994612,True
0.9657086865288784,0.4588006491145785,False
1.0035144903411939,0.7644892937935603,True
0.9994164126020861,0.5647593884992436,False
0.9610216360242361,0.7629019710836957,False
1.0691340659487012,0.5785647461340694,True
1.0370806640043984,0.23888526868974969,True
0.9607880319174721,0.09134353941419926,False
0.9678409747467654,0.9897103881145115,False
0.9527053439677108,0.6707040914781911,False
0.9263150202956386,0.6480247059612062,False
0.9907809366889672,0.8698687583699513,False
0.9705269212183125,0.6576165973381225,False
1.017914147136618,0.5628788480180912,True
1.066572550125995,0.11014749258710843,True
0.9771516473089034,0.7760555933794469,False
1.0345082302520388,0.14692954279987014,True
0.9873741642165488,0.6396112911116806,False
0.9599835319872082,0.5046437670931018,False
1.0081699505922281,0.62338149278048,True
0.9979350481326058,0.0850020630368723,False
0.9918323359715582,0.27472960686166226,False
0.9229409918999634,0.5732254617890797,False
0.9423959418676776,0.9609959292620505,False
0.9859008574302724,0.7366881239418976,False
1.001592764729092,0.40364032320397625,True
0.9566103942297557,0.185309347410888,False
0.9732381374267667,0.8738508696921289,False
0.9829912096362474,0.12257052919273415,False
0.9724091828500946,0.5700698867517108,False
1.061102868568769,0.33405293472371045,True
1.052387851896531,0.2766570830988194,True
0.9535912094951701,0.5147439038154429,False
0.9236086727527837,0.8233913471308925,False
1.0314746530049026,0.8009366008121784,True
1.0363856780522918,0.2811146469483845,True
1.0307427187528069,0.005640879386760833,True
1.0334501051992704,0.8500329234508378,True
0.9669773578394211,0.637917284356541,False
0.9556661035279891,0.3332366642966931,False
0.9901833004619888,0.16772693696031216,False
0.9703677776309537,0.563882018857879,False
0.9865082199252225,0.8255027386608409,False
1.0099860757982386,0.5555996058765083,True
0.944988042495131,0.5417857699053799,False
0.9798506838726306,0.2704606711926253,False
0.9708516227949106,0.669658229814952,False
